{
    "best_model": "GradientBoostingClassifier",
    "accuracy": 0.7877927608232789,
    "roc_auc": 0.8417008964323542,
    "precision": 0.6021798365122616,
    "recall": 0.5909090909090909,
    "f1": 0.5964912280701754
}